Kecamatan,Tahun,Total_Pra_Sekolah,SD
Andir,2020,0,24
Andir,2021,41,24
Andir,2022,31,24
Andir,2023,41,24
Andir,2024,40,24
Andir,2025,42,24
Andir,2026,41,23
Antapani,2020,0,14
Antapani,2021,43,15
Antapani,2022,31,15
Antapani,2023,42,16
Antapani,2024,47,16
Antapani,2025,51,16
Antapani,2026,52,16
Arcamanik,2020,0,18
Arcamanik,2021,51,19
Arcamanik,2022,44,19
Arcamanik,2023,52,21
Arcamanik,2024,53,21
Arcamanik,2025,55,21
Arcamanik,2026,57,22
Astanaanyar,2020,0,16
Astanaanyar,2021,23,16
Astanaanyar,2022,21,16
Astanaanyar,2023,24,16
Astanaanyar,2024,22,16
Astanaanyar,2025,21,16
Astanaanyar,2026,21,16
Babakan Ciparay,2020,0,19
Babakan Ciparay,2021,47,19
Babakan Ciparay,2022,44,19
Babakan Ciparay,2023,50,19
Babakan Ciparay,2024,50,19
Babakan Ciparay,2025,48,19
Babakan Ciparay,2026,48,19
Bandung Kidul,2020,0,10
Bandung Kidul,2021,28,10
Bandung Kidul,2022,14,10
Bandung Kidul,2023,29,10
Bandung Kidul,2024,29,10
Bandung Kidul,2025,28,10
Bandung Kidul,2026,28,10
Bandung Kulon,2020,0,27
Bandung Kulon,2021,53,27
Bandung Kulon,2022,46,27
Bandung Kulon,2023,54,27
Bandung Kulon,2024,52,27
Bandung Kulon,2025,51,27
Bandung Kulon,2026,53,27
Bandung Wetan,2020,0,17
Bandung Wetan,2021,20,17
Bandung Wetan,2022,18,17
Bandung Wetan,2023,22,17
Bandung Wetan,2024,24,17
Bandung Wetan,2025,24,17
Bandung Wetan,2026,26,18
Batununggal,2020,0,16
Batununggal,2021,41,16
Batununggal,2022,34,16
Batununggal,2023,42,16
Batununggal,2024,42,16
Batununggal,2025,45,16
Batununggal,2026,48,17
Bojongloa Kaler,2020,0,12
Bojongloa Kaler,2021,36,12
Bojongloa Kaler,2022,28,12
Bojongloa Kaler,2023,38,12
Bojongloa Kaler,2024,38,12
Bojongloa Kaler,2025,37,13
Bojongloa Kaler,2026,36,13
Bojongloa Kidul,2020,0,14
Bojongloa Kidul,2021,25,14
Bojongloa Kidul,2022,24,14
Bojongloa Kidul,2023,26,14
Bojongloa Kidul,2024,27,14
Bojongloa Kidul,2025,28,14
Bojongloa Kidul,2026,28,14
Buahbatu,2020,0,13
Buahbatu,2021,46,14
Buahbatu,2022,44,14
Buahbatu,2023,49,14
Buahbatu,2024,50,14
Buahbatu,2025,49,14
Buahbatu,2026,49,14
Cibeunying Kaler,2020,0,10
Cibeunying Kaler,2021,37,10
Cibeunying Kaler,2022,32,10
Cibeunying Kaler,2023,37,11
Cibeunying Kaler,2024,35,10
Cibeunying Kaler,2025,34,10
Cibeunying Kaler,2026,34,10
Cibeunying Kidul,2020,0,16
Cibeunying Kidul,2021,59,16
Cibeunying Kidul,2022,54,16
Cibeunying Kidul,2023,59,16
Cibeunying Kidul,2024,65,16
Cibeunying Kidul,2025,64,17
Cibeunying Kidul,2026,64,17
Cibiru,2020,0,14
Cibiru,2021,48,15
Cibiru,2022,40,15
Cibiru,2023,51,15
Cibiru,2024,50,15
Cibiru,2025,48,16
Cibiru,2026,49,16
Cicendo,2020,0,27
Cicendo,2021,40,27
Cicendo,2022,33,27
Cicendo,2023,43,27
Cicendo,2024,41,27
Cicendo,2025,41,27
Cicendo,2026,40,27
Cidadap,2020,0,15
Cidadap,2021,28,15
Cidadap,2022,27,14
Cidadap,2023,27,15
Cidadap,2024,26,15
Cidadap,2025,26,15
Cidadap,2026,26,15
Cinambo,2020,0,2
Cinambo,2021,19,2
Cinambo,2022,13,3
Cinambo,2023,19,2
Cinambo,2024,19,2
Cinambo,2025,23,3
Cinambo,2026,23,3
Coblong,2020,0,22
Coblong,2021,58,22
Coblong,2022,53,22
Coblong,2023,58,22
Coblong,2024,59,22
Coblong,2025,59,22
Coblong,2026,60,22
Gedebage,2020,0,7
Gedebage,2021,31,7
Gedebage,2022,24,7
Gedebage,2023,31,8
Gedebage,2024,31,8
Gedebage,2025,31,8
Gedebage,2026,33,9
Kiaracondong,2020,0,17
Kiaracondong,2021,54,17
Kiaracondong,2022,38,17
Kiaracondong,2023,54,17
Kiaracondong,2024,53,18
Kiaracondong,2025,49,18
Kiaracondong,2026,43,18
Lengkong,2020,0,23
Lengkong,2021,39,22
Lengkong,2022,30,22
Lengkong,2023,40,22
Lengkong,2024,39,23
Lengkong,2025,39,23
Lengkong,2026,38,23
Mandalajati,2020,0,14
Mandalajati,2021,38,14
Mandalajati,2022,31,14
Mandalajati,2023,39,14
Mandalajati,2024,38,14
Mandalajati,2025,39,14
Mandalajati,2026,41,14
Panyileukan,2020,0,8
Panyileukan,2021,28,9
Panyileukan,2022,23,9
Panyileukan,2023,28,9
Panyileukan,2024,28,9
Panyileukan,2025,28,9
Panyileukan,2026,28,9
Rancasari,2020,0,8
Rancasari,2021,41,9
Rancasari,2022,37,9
Rancasari,2023,43,9
Rancasari,2024,40,10
Rancasari,2025,44,10
Rancasari,2026,46,11
Regol,2020,0,22
Regol,2021,44,22
Regol,2022,31,22
Regol,2023,45,22
Regol,2024,44,22
Regol,2025,45,22
Regol,2026,45,22
Sukajadi,2020,0,23
Sukajadi,2021,32,22
Sukajadi,2022,25,22
Sukajadi,2023,33,22
Sukajadi,2024,33,21
Sukajadi,2025,37,21
Sukajadi,2026,37,21
Sukasari,2020,0,22
Sukasari,2021,42,22
Sukasari,2022,35,22
Sukasari,2023,43,22
Sukasari,2024,44,22
Sukasari,2025,44,22
Sukasari,2026,44,22
Sumur Bandung,2020,0,14
Sumur Bandung,2021,18,14
Sumur Bandung,2022,13,14
Sumur Bandung,2023,19,14
Sumur Bandung,2024,19,14
Sumur Bandung,2025,19,14
Sumur Bandung,2026,18,14
Ujung Berung,2020,0,8
Ujung Berung,2021,56,8
Ujung Berung,2022,48,8
Ujung Berung,2023,59,10
Ujung Berung,2024,61,10
Ujung Berung,2025,58,10
Ujung Berung,2026,61,10